,Country name,Ladder score_2024,Ladder score_2023,Ladder score_2022,Ladder score_2021,Ladder score_2020,Ladder score_2019,Ladder score_2018
6,Australia,7.057,7.095,7.162,7.183,7.222799778,7.222799778,7.272
33,China,5.973,5.818,5.585,5.339,5.123899937,5.123899937,5.246
157,Spain,6.421,6.436,6.476,6.491,6.400899887,6.400899887,6.31
182,United States,6.725,6.894,6.977,6.951,6.939599991,6.939599991,6.886
